"Status","Start Time","Stop Time","Duration in ms","Parent Suite","Suite","Sub Suite","Test Class","Test Method","Name","Description"
"passed","Mon Feb 23 10:18:14 UTC 2026","Mon Feb 23 10:18:15 UTC 2026","1006","","tests.customer.CustomerAuthTest","","tests.customer.CustomerAuthTest","testLoginButtonIsHiddenInitially","testLoginButtonIsHiddenInitially()","This test verifies that the login button is hidden until a customer name is selected."
"passed","Mon Feb 23 10:21:32 UTC 2026","Mon Feb 23 10:21:34 UTC 2026","1786","","tests.manager.ManagerAddCustomerTest","","tests.manager.ManagerAddCustomerTest","testAddCustomer","testAddCustomer(String, String, String) [2] Jane, Smith, E55555","This test navigates to the Manager portal, fills out the Add Customer form, submits it, and verifies the success alert."
"passed","Mon Feb 23 10:19:44 UTC 2026","Mon Feb 23 10:19:48 UTC 2026","3752","","tests.customer.CustomerWithdrawalTest","","tests.customer.CustomerWithdrawalTest","testCustomerWithdrawalMoreThanBalance","testCustomerWithdrawalMoreThanBalance(String, String, String, String) [1] Harry Potter, 200, 500, Transaction Failed. You can not withdraw amount more than the balance.","This test verifies that withdrawals exceeding the balance are rejected."
"passed","Mon Feb 23 10:21:22 UTC 2026","Mon Feb 23 10:21:23 UTC 2026","920","","tests.XYZNavigationTest","","tests.XYZNavigationTest","verifyCustomerLoginNavigation","verifyCustomerLoginNavigation()","This test verifies that the Customer Login button correctly navigates to the Customer portal view."
"passed","Mon Feb 23 10:21:30 UTC 2026","Mon Feb 23 10:21:32 UTC 2026","1816","","tests.manager.ManagerAddCustomerTest","","tests.manager.ManagerAddCustomerTest","testAddCustomer","testAddCustomer(String, String, String) [1] John, Doe, L1T 2R4","This test navigates to the Manager portal, fills out the Add Customer form, submits it, and verifies the success alert."
"passed","Mon Feb 23 10:21:42 UTC 2026","Mon Feb 23 10:21:43 UTC 2026","1739","","tests.manager.ManagerAddCustomerTest","","tests.manager.ManagerAddCustomerTest","testAddCustomerValidation","testAddCustomerValidation(String, String, String) [5] , Wayne, 12345","This test verifies that the system prevents customer creation with invalid data (e.g., numbers in names, special chars)."
"passed","Mon Feb 23 10:21:21 UTC 2026","Mon Feb 23 10:21:22 UTC 2026","937","","tests.XYZNavigationTest","","tests.XYZNavigationTest","verifyBankManagerNavigation","verifyBankManagerNavigation()","This test verifies that the Bank Manager Login button correctly navigates to the Manager portal view."
"passed","Mon Feb 23 10:21:45 UTC 2026","Mon Feb 23 10:21:46 UTC 2026","1278","","tests.manager.ManagerCustomersTest","","tests.manager.ManagerCustomersTest","testSearchAndVerifyCustomer","testSearchAndVerifyCustomer(String, String) [2] Neville, Longbottom","This test navigates to the Manager portal, goes to the Customers list, and verifies that a specific customer can be found via search."
"failed","Mon Feb 23 10:21:38 UTC 2026","Mon Feb 23 10:21:40 UTC 2026","1861","","tests.manager.ManagerAddCustomerTest","","tests.manager.ManagerAddCustomerTest","testAddCustomerValidation","testAddCustomerValidation(String, String, String) [3] Jim, Beam, ABCDEF","This test verifies that the system prevents customer creation with invalid data (e.g., numbers in names, special chars)."
"passed","Mon Feb 23 10:21:43 UTC 2026","Mon Feb 23 10:21:45 UTC 2026","1278","","tests.manager.ManagerCustomersTest","","tests.manager.ManagerCustomersTest","testSearchAndVerifyCustomer","testSearchAndVerifyCustomer(String, String) [1] Hermoine, Granger","This test navigates to the Manager portal, goes to the Customers list, and verifies that a specific customer can be found via search."
"failed","Mon Feb 23 10:17:17 UTC 2026","Mon Feb 23 10:17:45 UTC 2026","28479","","tests.customer.CustomerAuthTest","","tests.customer.CustomerAuthTest","testCustomerLoginAndLogout","testCustomerLoginAndLogout(String) [1] Harry Potter","This test verifies that a customer can successfully log into their account and log out successfully."
"passed","Mon Feb 23 10:21:27 UTC 2026","Mon Feb 23 10:21:28 UTC 2026","1609","","tests.manager.ManagerOpenAccountTest","","tests.manager.ManagerOpenAccountTest","testOpenAccountValidation","testOpenAccountValidation(String, String) [1] , Rupee","This test verifies that the system prevents account creation if required fields are missing."
"failed","Mon Feb 23 10:21:40 UTC 2026","Mon Feb 23 10:21:42 UTC 2026","1847","","tests.manager.ManagerAddCustomerTest","","tests.manager.ManagerAddCustomerTest","testAddCustomerValidation","testAddCustomerValidation(String, String, String) [4] Jack, Daniels, 123 456!","This test verifies that the system prevents customer creation with invalid data (e.g., numbers in names, special chars)."
"failed","Mon Feb 23 10:21:17 UTC 2026","Mon Feb 23 10:21:21 UTC 2026","3962","","tests.customer.CustomerWithdrawalTest","","tests.customer.CustomerWithdrawalTest","testCustomerWithdrawal","testCustomerWithdrawal(String, String, String, String) [1] Harry Potter, 500, 200, Transaction successful","This test logs in a customer, deposits initial funds, withdraws an amount, and verifies the success message."
"failed","Mon Feb 23 10:20:33 UTC 2026","Mon Feb 23 10:21:17 UTC 2026","44658","","tests.customer.CustomerWithdrawalTest","","tests.customer.CustomerWithdrawalTest","testCustomerWithdrawalNegative","testCustomerWithdrawalNegative(String, String, String, String) [2] Harry Potter, 500, 0, Transaction Failed. Please enter a positive amount.","This test verifies that zero or negative withdrawals are rejected and balance remains unchanged."
"failed","Mon Feb 23 10:18:15 UTC 2026","Mon Feb 23 10:18:17 UTC 2026","1608","","tests.customer.CustomerDepositTest","","tests.customer.CustomerDepositTest","testCustomerDeposit","testCustomerDeposit(String, String, String) [1] Harry Potter, 500, Deposit Successful","This test logs in a customer, deposits funds into their account, and verifies the success message."
"failed","Mon Feb 23 10:17:45 UTC 2026","Mon Feb 23 10:18:12 UTC 2026","26387","","tests.customer.CustomerAuthTest","","tests.customer.CustomerAuthTest","testCustomerLoginAndLogout","testCustomerLoginAndLogout(String) [2] Hermoine Granger","This test verifies that a customer can successfully log into their account and log out successfully."
"passed","Mon Feb 23 10:18:12 UTC 2026","Mon Feb 23 10:18:14 UTC 2026","2451","","tests.customer.CustomerAuthTest","","tests.customer.CustomerAuthTest","testCustomerNoAccountMessage","testCustomerNoAccountMessage(String, String, String) [1] Samuel, Pekyi, 123456","This test verifies that a customer without any accounts sees the 'Please open an account' message."
"failed","Mon Feb 23 10:19:48 UTC 2026","Mon Feb 23 10:20:33 UTC 2026","44823","","tests.customer.CustomerWithdrawalTest","","tests.customer.CustomerWithdrawalTest","testCustomerWithdrawalNegative","testCustomerWithdrawalNegative(String, String, String, String) [1] Harry Potter, 500, -200, Transaction Failed. Please enter a positive amount.","This test verifies that zero or negative withdrawals are rejected and balance remains unchanged."
"failed","Mon Feb 23 10:21:34 UTC 2026","Mon Feb 23 10:21:36 UTC 2026","1925","","tests.manager.ManagerAddCustomerTest","","tests.manager.ManagerAddCustomerTest","testAddCustomerValidation","testAddCustomerValidation(String, String, String) [1] John123, Doe, E55555","This test verifies that the system prevents customer creation with invalid data (e.g., numbers in names, special chars)."
"failed","Mon Feb 23 10:18:58 UTC 2026","Mon Feb 23 10:19:40 UTC 2026","42038","","tests.customer.CustomerDepositTest","","tests.customer.CustomerDepositTest","testCustomerDepositNegative","testCustomerDepositNegative(String, String, String) [2] Harry Potter, 0, Deposit Unsuccessful. Please enter a positive amount.","This test verifies that zero or negative deposits are rejected and balance remains unchanged."
"passed","Mon Feb 23 10:21:25 UTC 2026","Mon Feb 23 10:21:27 UTC 2026","1819","","tests.manager.ManagerOpenAccountTest","","tests.manager.ManagerOpenAccountTest","testOpenAccount","testOpenAccount(String, String) [2] Ron Weasly, Pound","This test navigates to the Manager portal, fills out the Open Account form for a customer, submits it, and verifies the success alert."
"passed","Mon Feb 23 10:21:23 UTC 2026","Mon Feb 23 10:21:25 UTC 2026","1717","","tests.manager.ManagerOpenAccountTest","","tests.manager.ManagerOpenAccountTest","testOpenAccount","testOpenAccount(String, String) [1] Harry Potter, Dollar","This test navigates to the Manager portal, fills out the Open Account form for a customer, submits it, and verifies the success alert."
"failed","Mon Feb 23 10:21:36 UTC 2026","Mon Feb 23 10:21:38 UTC 2026","1962","","tests.manager.ManagerAddCustomerTest","","tests.manager.ManagerAddCustomerTest","testAddCustomerValidation","testAddCustomerValidation(String, String, String) [2] Jane, Smith@!, E55555","This test verifies that the system prevents customer creation with invalid data (e.g., numbers in names, special chars)."
"failed","Mon Feb 23 10:18:17 UTC 2026","Mon Feb 23 10:18:58 UTC 2026","41635","","tests.customer.CustomerDepositTest","","tests.customer.CustomerDepositTest","testCustomerDepositNegative","testCustomerDepositNegative(String, String, String) [1] Harry Potter, -50, Deposit Unsuccessful. Please enter a positive amount.","This test verifies that zero or negative deposits are rejected and balance remains unchanged."
"passed","Mon Feb 23 10:21:28 UTC 2026","Mon Feb 23 10:21:30 UTC 2026","2048","","tests.manager.ManagerOpenAccountTest","","tests.manager.ManagerOpenAccountTest","testOpenAccountValidation","testOpenAccountValidation(String, String) [2] Harry Potter, ","This test verifies that the system prevents account creation if required fields are missing."
"passed","Mon Feb 23 10:19:40 UTC 2026","Mon Feb 23 10:19:44 UTC 2026","3652","","tests.customer.CustomerTransactionsTest","","tests.customer.CustomerTransactionsTest","testCustomerTransactionHistory","testCustomerTransactionHistory(String, String, String) [1] Harry Potter, 500, Deposit Successful","This test verifies that after making a deposit, the transaction is recorded and visible in the history."
